confuctivity	time	label_number	width	height	number of pixels	mean_intensity	w_h_ratio
6.0	9	1	46	2	2321	42893	0.043478260869565216
6.0	9	7	2	1	975	16157	0.5
6.0	9	8	28	2	585	8886	0.07142857142857142
6.0	10	1	62	2	2090	42005	0.03225806451612903
6.0	10	10	29	2	647	10634	0.06896551724137931
6.0	12	1	18	5	1952	36963	0.2777777777777778
6.0	12	26	25	66	931	23684	2.64
6.0	13	1	32	3	1913	47351	0.09375
6.0	13	4	10	4	226	2982	0.4
6.0	13	10	4	4	1701	37116	1.0
6.0	14	1	61	4	2268	39743	0.06557377049180328
6.0	14	6	2	1	1150	20976	0.5
6.0	14	9	38	112	1057	16679	2.9473684210526314
6.0	14	17	56	2	1277	22064	0.03571428571428571
6.0	14	24	2	2	1269	22026	1.0
6.0	15	2	5	4	1517	31911	0.8
6.0	15	3	5	2	3325	69379	0.4
6.0	15	4	30	2	767	13986	0.06666666666666667
6.0	15	13	50	7	2061	39375	0.14
6.0	15	34	27	3	1302	25341	0.1111111111111111
6.0	16	1	1	4	263	3455	4.0
6.0	16	2	5	1	752	12109	0.2
6.0	16	6	5	3	685	10804	0.6
6.0	16	7	14	5	1344	22395	0.35714285714285715
6.0	16	20	17	3	487	7626	0.17647058823529413
6.0	17	1	24	1	467	8561	0.041666666666666664
6.0	17	2	1	5	1525	26182	5.0
6.0	17	23	19	44	415	7336	2.3157894736842106
6.0	18	1	41	1	2423	51695	0.024390243902439025
6.0	18	15	38	162	1702	29326	4.2631578947368425
6.0	18	21	20	3	423	8177	0.15
6.0	18	26	3	4	394	7332	1.3333333333333333
6.0	18	34	16	1	321	5250	0.0625
6.0	18	35	3	3	279	5464	1.0
6.0	19	1	5	4	3029	66298	0.8
6.0	19	15	13	4	245	3442	0.3076923076923077
6.0	19	16	1	1	829	15462	1.0
6.0	19	18	19	2	313	4700	0.10526315789473684
6.0	19	71	19	2	534	8725	0.10526315789473684
6.0	20	1	26	3	341	5542	0.11538461538461539
6.0	20	2	3	1	1926	34755	0.3333333333333333
6.0	20	7	26	4	403	6187	0.15384615384615385
6.0	20	17	5	6	494	7670	1.2
6.0	20	49	26	4	353	5313	0.15384615384615385
6.0	21	2	26	3	474	10000	0.11538461538461539
6.0	21	3	35	1	2188	44451	0.02857142857142857
6.0	21	6	2	3	599	11175	1.5
6.0	21	14	9	3	207	3420	0.3333333333333333
6.0	21	48	18	3	365	6818	0.16666666666666666
6.0	23	1	37	81	1129	17965	2.189189189189189
6.0	23	3	7	6	274	4738	0.8571428571428571
6.0	23	6	22	3	656	10977	0.13636363636363635
6.0	23	15	43	1	1611	29730	0.023255813953488372
6.0	23	40	26	120	1309	22254	4.615384615384615
6.0	24	1	3	3	513	8895	1.0
6.0	24	2	8	4	4078	113684	0.5
6.0	24	5	2	3	2278	48465	1.5
6.0	24	6	17	2	620	10113	0.11764705882352941
6.0	25	1	61	2	3958	101016	0.03278688524590164
6.0	25	2	50	4	5479	147110	0.08
6.0	26	1	3	1	7435	149485	0.3333333333333333
6.0	26	16	18	2	247	3282	0.1111111111111111
6.0	26	70	3	3	435	7012	1.0
6.0	27	1	3	2	507	7410	0.6666666666666666
6.0	27	2	1	3	3373	66228	3.0
6.0	28	1	18	3	214	3712	0.16666666666666666
6.0	29	3	21	6	321	4251	0.2857142857142857
6.0	52	2	99	2	4398	105023	0.020202020202020204
6.0	52	5	79	117	1601	37266	1.481012658227848
6.0	52	11	76	2	2367	50304	0.02631578947368421
6.0	52	15	10	86	1319	32150	8.6
6.0	53	1	18	59	368	5417	3.2777777777777777
6.0	54	1	11	2	215	2794	0.18181818181818182
6.0	56	1	3	144	1237	25658	48.0
6.0	56	3	18	39	510	7480	2.1666666666666665
6.0	57	1	24	3	946	16424	0.125
6.0	57	2	64	2	2556	68169	0.03125
6.0	57	7	21	146	1491	38736	6.9523809523809526
6.0	58	1	1	1	2112	56147	1.0
6.0	58	3	33	3	2235	76267	0.09090909090909091
6.0	59	1	61	3	2464	62812	0.04918032786885246
6.0	59	5	21	6	1332	25845	0.2857142857142857
6.0	59	6	23	158	1858	42440	6.869565217391305
6.0	60	1	98	218	4459	177940	2.2244897959183674
6.0	60	2	68	221	4192	131569	3.25
6.0	60	9	38	5	1983	61761	0.13157894736842105
6.0	61	2	1	7	1496	27939	7.0
6.0	61	4	73	3	3643	106184	0.0410958904109589
6.0	61	7	45	169	2277	54468	3.7555555555555555
6.0	62	2	56	4	2681	82723	0.07142857142857142
6.0	62	4	43	169	1666	51483	3.9302325581395348
6.0	62	5	2	214	2782	99918	107.0
6.0	63	1	4	4	906	10761	1.0
6.0	63	10	18	1	701	8940	0.05555555555555555
6.0	64	1	22	28	631	7836	1.2727272727272727
1.0	83	1	47	2	1842	31907	0.0425531914893617
1.0	83	11	27	2	1116	19596	0.07407407407407407
1.0	83	13	16	1	1369	23362	0.0625
1.0	85	1	54	4	1414	19437	0.07407407407407407
1.0	85	5	2	3	660	11065	1.5
1.0	85	11	6	7	1239	21360	1.1666666666666667
1.0	85	13	29	2	1217	21883	0.06896551724137931
1.0	85	16	15	1	212	2503	0.06666666666666667
1.0	86	1	31	2	483	6467	0.06451612903225806
1.0	86	4	33	4	529	8080	0.12121212121212122
1.0	86	10	17	1	1152	18316	0.058823529411764705
1.0	87	2	6	3	843	15131	0.5
1.0	87	3	60	2	1847	30210	0.03333333333333333
1.0	87	4	33	132	1737	34025	4.0
1.0	87	10	25	72	720	12552	2.88
1.0	87	12	28	9	1288	23789	0.32142857142857145
1.0	87	16	52	8	1024	15293	0.15384615384615385
1.0	87	44	33	42	382	5515	1.2727272727272727
1.0	88	2	11	3	328	5847	0.2727272727272727
1.0	88	4	30	2	1334	20981	0.06666666666666667
1.0	88	6	27	52	602	10528	1.9259259259259258
1.0	88	8	2	4	421	5307	2.0
1.0	89	1	3	4	436	4910	1.3333333333333333
1.0	89	8	55	93	2084	37944	1.690909090909091
1.0	90	1	29	4	962	15325	0.13793103448275862
1.0	90	8	18	3	704	12027	0.16666666666666666
1.0	90	12	19	1	865	14026	0.05263157894736842
1.0	91	1	48	3	1716	24375	0.0625
1.0	91	28	2	2	667	8351	1.0
1.0	92	1	8	3	417	5462	0.375
1.0	92	4	27	3	647	9089	0.1111111111111111
1.0	92	7	22	1	513	7724	0.045454545454545456
1.0	93	1	4	3	291	3677	0.75
1.0	93	3	2	1	236	2688	0.5
1.0	93	6	61	3	3681	53189	0.04918032786885246
1.0	93	21	17	4	217	2925	0.23529411764705882
1.0	93	60	18	2	220	3122	0.1111111111111111
1.0	94	1	29	3	668	10412	0.10344827586206896
1.0	94	3	43	2	3233	80882	0.046511627906976744
1.0	94	13	27	2	500	7766	0.07407407407407407
1.0	94	49	4	4	382	6518	1.0
1.0	96	5	26	18	1586	23242	0.6923076923076923
1.0	96	17	20	4	302	4478	0.2
1.0	96	25	18	1	268	5296	0.05555555555555555
1.0	97	1	1	2	2456	45032	2.0
1.0	97	3	9	2	205	2836	0.2222222222222222
1.0	97	52	20	2	256	2991	0.1
1.0	98	2	24	2	771	9285	0.08333333333333333
1.0	98	11	18	4	250	3565	0.2222222222222222
1.0	99	2	27	4	300	3778	0.14814814814814814
1.0	101	4	22	5	535	7256	0.22727272727272727
1.0	102	2	16	3	359	4384	0.1875
1.0	104	1	24	1	523	4946	0.041666666666666664
1.0	126	1	124	145	5277	110606	1.1693548387096775
1.0	126	3	38	1	1044	20541	0.02631578947368421
1.0	126	5	37	2	877	15813	0.05405405405405406
1.0	126	9	21	1	884	16454	0.047619047619047616
1.0	127	1	23	3	2105	40557	0.13043478260869565
1.0	127	2	145	169	6393	137891	1.1655172413793105
1.0	127	3	58	3	2020	38289	0.05172413793103448
1.0	127	8	36	2	661	11015	0.05555555555555555
1.0	129	1	75	3	3040	68813	0.04
1.0	130	1	1	7	1251	25056	7.0
1.0	130	7	24	5	2088	35840	0.20833333333333334
1.0	130	10	4	3	310	4471	0.75
1.0	131	1	15	3	2654	49119	0.2
1.0	131	11	51	6	1211	17882	0.11764705882352941
1.0	131	32	19	55	732	8358	2.8947368421052633
1.0	132	1	65	175	2906	74191	2.6923076923076925
1.0	132	7	49	189	3611	87920	3.857142857142857
1.0	133	1	63	7	2332	64802	0.1111111111111111
1.0	133	7	64	182	2227	55704	2.84375
1.0	134	3	112	221	4594	129664	1.9732142857142858
1.0	134	6	40	171	2076	47919	4.275
1.0	135	2	52	195	1785	29323	3.75
1.0	135	5	91	189	3920	91501	2.076923076923077
1.0	135	15	33	1	1988	28088	0.030303030303030304
1.0	136	2	108	2	7866	285813	0.018518518518518517
1.0	136	4	88	1	2897	62385	0.011363636363636364
1.0	136	7	2	7	1470	24326	3.5
1.0	137	2	125	224	6818	190579	1.792
1.0	138	1	26	1	1525	21920	0.038461538461538464
1.0	142	1	62	2	3270	65008	0.03225806451612903
6.0	155	1	2	5	1412	18805	2.5
6.0	155	4	15	2	377	3848	0.13333333333333333
6.0	158	1	33	4	886	8876	0.12121212121212122
6.0	159	2	2	5	2510	37625	2.5
6.0	159	7	2	9	2246	26796	4.5
6.0	159	8	19	2	378	4201	0.10526315789473684
6.0	159	10	26	2	470	5108	0.07692307692307693
6.0	160	1	34	2	861	9385	0.058823529411764705
6.0	161	1	9	5	378	3196	0.5555555555555556
6.0	161	5	2	2	290	2837	1.0
6.0	161	16	24	1	873	10673	0.041666666666666664
6.0	162	1	14	4	304	3242	0.2857142857142857
6.0	162	2	54	149	2630	35136	2.759259259259259
6.0	162	5	21	1	393	4043	0.047619047619047616
6.0	162	17	1	1	587	7074	1.0
6.0	162	26	4	2	417	5289	0.5
6.0	162	56	18	5	220	2406	0.2777777777777778
6.0	163	1	21	1	1157	11566	0.047619047619047616
6.0	163	3	35	1	858	8603	0.02857142857142857
6.0	163	93	14	1	263	2402	0.07142857142857142
6.0	164	1	1	1	487	5904	1.0
6.0	164	2	40	3	2188	27562	0.075
6.0	164	4	3	3	260	2954	1.0
6.0	164	13	1	3	509	5743	3.0
6.0	164	17	11	5	210	2244	0.45454545454545453
6.0	165	1	78	221	4436	73965	2.8333333333333335
6.0	165	47	4	4	1023	13173	1.0
6.0	165	58	4	4	489	5264	1.0
6.0	165	143	16	3	257	3190	0.1875
6.0	166	1	30	3	358	4702	0.1
6.0	166	3	65	1	6589	160558	0.015384615384615385
6.0	166	9	23	2	256	3200	0.08695652173913043
6.0	166	33	44	3	3437	75943	0.06818181818181818
6.0	166	38	34	2	1069	18009	0.058823529411764705
6.0	167	1	9	5	457	4570	0.5555555555555556
6.0	167	2	1	1	993	10576	1.0
6.0	167	39	19	3	271	2567	0.15789473684210525
6.0	169	4	33	3	1220	17167	0.09090909090909091
6.0	170	2	4	3	489	5288	0.75
6.0	170	4	27	1	789	7953	0.037037037037037035
6.0	170	12	4	4	363	3782	1.0
6.0	171	1	5	1	217	2367	0.2
6.0	171	2	26	1	749	7711	0.038461538461538464
6.0	171	34	15	3	371	4864	0.2
6.0	172	1	24	3	428	5252	0.125
6.0	172	2	3	4	360	4124	1.3333333333333333
6.0	172	8	14	3	243	2432	0.21428571428571427
6.0	173	1	6	4	298	3014	0.6666666666666666
6.0	174	2	15	33	233	2223	2.2
6.0	174	4	17	3	327	3362	0.17647058823529413
6.0	197	1	85	122	3166	53207	1.4352941176470588
6.0	197	4	1	100	1184	22944	100.0
6.0	197	5	37	89	813	13331	2.4054054054054053
6.0	198	1	2	2	1247	26563	1.0
6.0	198	2	27	129	1401	29316	4.777777777777778
6.0	198	4	25	2	782	13820	0.08
6.0	198	5	79	141	2341	56899	1.7848101265822784
6.0	198	6	1	3	1440	32267	3.0
6.0	198	12	1	3	1161	25465	3.0
6.0	198	18	10	3	215	3352	0.3
6.0	198	21	4	3	904	19225	0.75
6.0	199	1	1	6	2954	62286	6.0
6.0	199	3	46	4	2185	44113	0.08695652173913043
6.0	199	9	17	3	679	8413	0.17647058823529413
6.0	200	1	1	6	1215	17283	6.0
6.0	200	16	9	3	220	2413	0.3333333333333333
6.0	202	1	31	2	1284	18975	0.06451612903225806
6.0	202	3	55	4	1659	33226	0.07272727272727272
6.0	202	10	35	3	904	10358	0.08571428571428572
6.0	203	1	31	1	1702	23481	0.03225806451612903
6.0	203	2	2	2	882	9736	1.0
6.0	204	1	1	3	450	4015	3.0
6.0	204	5	71	193	3222	80228	2.7183098591549295
6.0	205	2	54	7	1102	12553	0.12962962962962962
6.0	205	6	53	117	1726	23089	2.207547169811321
6.0	205	11	28	122	992	15500	4.357142857142857
6.0	206	2	111	213	4347	116366	1.9189189189189189
6.0	206	3	3	6	452	5830	2.0
6.0	206	4	79	3	4320	134400	0.0379746835443038
6.0	206	13	23	2	725	10529	0.08695652173913043
6.0	207	2	100	3	7480	245466	0.03
6.0	207	16	37	1	1654	26026	0.02702702702702703
6.0	207	29	25	68	373	5027	2.72
6.0	208	1	59	2	3440	86405	0.03389830508474576
6.0	208	2	4	4	587	5555	1.0
6.0	211	2	47	3	2428	30408	0.06382978723404255
6.0	211	7	11	2	264	2574	0.18181818181818182
166.0	226	1	32	3	456	3957	0.09375
166.0	227	1	17	3	254	1332	0.17647058823529413
166.0	227	2	2	2	2303	17457	1.0
166.0	227	6	56	109	2264	17511	1.9464285714285714
166.0	227	22	31	2	890	5272	0.06451612903225806
166.0	227	24	24	47	491	2903	1.9583333333333333
166.0	228	1	1	1	2231	14839	1.0
166.0	229	1	39	4	1801	12566	0.10256410256410256
166.0	229	19	23	1	551	3213	0.043478260869565216
166.0	231	1	48	2	1447	9246	0.041666666666666664
166.0	231	3	3	4	455	2700	1.3333333333333333
166.0	232	2	26	2	866	5404	0.07692307692307693
166.0	232	3	32	2	493	3337	0.0625
166.0	232	6	18	6	366	2627	0.3333333333333333
166.0	232	11	17	2	613	4425	0.11764705882352941
166.0	232	18	38	14	784	5680	0.3684210526315789
166.0	232	24	40	1	1160	9528	0.025
166.0	232	29	22	1	975	6406	0.045454545454545456
166.0	233	1	70	3	4008	37233	0.04285714285714286
166.0	233	13	69	188	4549	46443	2.7246376811594204
166.0	233	19	6	1	221	1391	0.16666666666666666
166.0	233	41	4	1	958	6841	0.25
166.0	233	49	19	5	243	1457	0.2631578947368421
166.0	233	58	8	4	737	5213	0.5
166.0	233	120	2	1	219	1863	0.5
166.0	234	1	43	2	2558	17206	0.046511627906976744
166.0	234	13	40	5	1566	8857	0.125
166.0	235	7	121	200	2972	36576	1.6528925619834711
166.0	235	11	64	1	4328	53000	0.015625
166.0	235	13	22	3	213	1481	0.13636363636363635
166.0	235	17	26	15	371	2504	0.5769230769230769
166.0	235	37	44	2	2184	18386	0.045454545454545456
166.0	236	1	45	1	5654	82223	0.022222222222222223
166.0	236	40	13	3	248	2799	0.23076923076923078
166.0	237	1	1	3	2175	13149	3.0
166.0	237	11	21	1	495	2956	0.047619047619047616
166.0	237	12	1	4	387	2376	4.0
166.0	237	34	4	4	335	1862	1.0
166.0	237	81	34	3	616	2852	0.08823529411764706
166.0	238	1	21	4	370	1642	0.19047619047619047
166.0	238	4	3	1	1130	6944	0.3333333333333333
166.0	238	7	3	1	419	1947	0.3333333333333333
166.0	238	18	37	1	2146	12329	0.02702702702702703
166.0	238	26	3	4	2619	15460	1.3333333333333333
166.0	238	32	25	4	772	4403	0.16
166.0	239	1	47	2	1414	8252	0.0425531914893617
166.0	239	7	30	1	644	3894	0.03333333333333333
166.0	239	9	5	6	1587	8823	1.2
166.0	239	15	17	1	287	1682	0.058823529411764705
166.0	239	17	4	4	288	1705	1.0
166.0	239	153	20	2	284	1624	0.1
166.0	240	1	90	2	11958	186784	0.022222222222222223
166.0	240	13	50	1	1594	10957	0.02
166.0	240	40	14	4	291	2933	0.2857142857142857
166.0	240	150	26	3	275	1862	0.11538461538461539
166.0	240	151	7	6	812	7148	0.8571428571428571
166.0	242	1	4	1	1196	7166	0.25
166.0	242	3	1	1	468	2656	1.0
166.0	242	7	14	3	278	1400	0.21428571428571427
166.0	242	27	6	3	347	1895	0.5
166.0	242	30	25	1	354	2155	0.04
166.0	242	33	28	4	641	3143	0.14285714285714285
166.0	243	1	23	1	340	2077	0.043478260869565216
166.0	243	2	4	4	246	1245	1.0
166.0	244	1	4	1	539	3224	0.25
166.0	244	3	26	3	378	2327	0.11538461538461539
166.0	244	6	26	2	358	2139	0.07692307692307693
166.0	244	10	4	1	427	2184	0.25
166.0	244	29	18	3	244	1530	0.16666666666666666
166.0	246	1	13	7	273	1829	0.5384615384615384
166.0	246	2	4	5	749	4368	1.25
166.0	246	12	15	2	230	1256	0.13333333333333333
166.0	247	4	17	1	266	1769	0.058823529411764705
166.0	247	7	1	1	588	3086	1.0
166.0	248	2	63	4	1397	8130	0.06349206349206349
166.0	248	9	129	359	20491	244763	2.7829457364341086
166.0	269	1	56	95	1794	15666	1.6964285714285714
166.0	270	1	47	1	1298	12347	0.02127659574468085
166.0	270	3	99	3	2746	30869	0.030303030303030304
166.0	270	5	33	101	1114	10875	3.0606060606060606
166.0	270	8	5	4	1398	10778	0.8
166.0	270	10	32	94	816	7681	2.9375
166.0	270	12	51	2	1194	12383	0.0392156862745098
166.0	272	2	92	175	5222	65534	1.9021739130434783
166.0	272	6	55	3	1987	16764	0.05454545454545454
166.0	273	1	47	2	2557	21694	0.0425531914893617
166.0	273	3	68	127	2369	15642	1.8676470588235294
166.0	273	4	48	141	1765	15834	2.9375
166.0	273	35	12	49	274	1498	4.083333333333333
166.0	275	2	11	3	383	2742	0.2727272727272727
166.0	275	3	106	3	5400	83833	0.02830188679245283
166.0	275	9	69	3	3030	48108	0.043478260869565216
166.0	275	23	40	2	1565	22743	0.05
166.0	275	30	89	2	5203	47593	0.02247191011235955
166.0	276	1	92	191	5097	70675	2.0760869565217392
166.0	276	2	3	3	502	2982	1.0
166.0	276	44	27	86	560	4622	3.185185185185185
166.0	277	1	5	6	1908	8913	1.2
166.0	277	2	77	226	4581	67176	2.935064935064935
166.0	278	1	135	2	13263	253814	0.014814814814814815
166.0	278	8	26	4	316	2532	0.15384615384615385
166.0	278	35	54	3	2467	42901	0.05555555555555555
166.0	279	3	28	3	670	4107	0.10714285714285714
166.0	279	4	67	191	3204	50239	2.8507462686567164
166.0	279	7	45	1	545	3895	0.022222222222222223
166.0	279	9	77	195	3155	40965	2.5324675324675323
166.0	279	13	5	1	256	1489	0.2
166.0	280	1	9	4	302	1816	0.4444444444444444
166.0	280	2	206	332	9382	87897	1.6116504854368932
166.0	280	3	1	1	425	2509	1.0
166.0	280	6	34	5	427	2504	0.14705882352941177
166.0	280	9	2	43	400	2555	21.5
166.0	280	11	158	3	2507	21643	0.0189873417721519
166.0	280	19	45	5	258	1631	0.1111111111111111
166.0	281	1	3	3	216	1867	1.0
166.0	281	3	4	2	278	2107	0.5
166.0	281	4	181	330	17716	357312	1.8232044198895028
166.0	281	62	41	153	1270	12859	3.731707317073171
166.0	283	1	20	2	498	2457	0.1
166.0	287	1	19	3	656	8951	0.15789473684210525
166.0	287	3	462	1	22026	726572	0.0021645021645021645
166.0	287	14	68	4	3499	77802	0.058823529411764705
35.0	300	1	2	3	493	4935	1.5
35.0	301	2	4	1	1534	20952	0.25
35.0	301	11	19	3	674	7670	0.15789473684210525
35.0	302	1	54	2	2466	33226	0.037037037037037035
35.0	302	7	24	51	532	5268	2.125
35.0	304	2	32	2	1066	12322	0.0625
35.0	304	7	2	2	497	4970	1.0
35.0	304	13	36	1	527	5248	0.027777777777777776
35.0	305	1	47	2	1537	15665	0.0425531914893617
35.0	305	4	48	1	1475	16039	0.020833333333333332
35.0	305	9	3	2	769	8691	0.6666666666666666
35.0	305	14	36	3	605	5803	0.08333333333333333
35.0	306	3	15	10	214	2438	0.6666666666666666
35.0	306	9	33	1	508	4669	0.030303030303030304
35.0	307	4	41	1	1687	19829	0.024390243902439025
35.0	307	5	4	3	263	2782	0.75
35.0	307	13	3	1	1073	10557	0.3333333333333333
35.0	307	35	25	68	771	9883	2.72
35.0	308	1	17	3	400	4184	0.17647058823529413
35.0	308	7	16	1	1275	17659	0.0625
35.0	308	8	38	2	1377	16509	0.05263157894736842
35.0	308	62	17	1	259	2495	0.058823529411764705
35.0	309	1	8	1	334	3019	0.125
35.0	309	35	1	2	953	10237	2.0
35.0	310	3	5	3	1229	12570	0.6
35.0	310	6	3	2	207	1840	0.6666666666666666
35.0	310	7	4	3	341	3674	0.75
35.0	310	9	31	2	424	4295	0.06451612903225806
35.0	310	47	1	2	305	2977	2.0
35.0	311	2	13	5	451	4974	0.38461538461538464
35.0	311	8	4	4	300	3013	1.0
35.0	311	9	25	2	837	7484	0.08
35.0	312	2	1	3	381	4396	3.0
35.0	312	7	1	3	380	4391	3.0
35.0	312	9	33	1	1379	15505	0.030303030303030304
35.0	313	1	36	5	348	2860	0.1388888888888889
35.0	313	3	33	1	1666	18325	0.030303030303030304
35.0	313	6	6	3	344	3815	0.5
35.0	313	71	4	1	391	3845	0.25
35.0	315	1	3	2	409	4425	0.6666666666666666
35.0	316	2	2	4	393	4115	2.0
35.0	316	25	3	3	275	2882	1.0
35.0	316	29	16	1	311	3202	0.0625
35.0	317	1	3	3	300	2711	1.0
35.0	317	2	129	297	5802	107982	2.302325581395349
35.0	318	2	11	4	209	2135	0.36363636363636365
35.0	318	4	1	2	393	4469	2.0
35.0	318	9	36	200	3421	40013	5.555555555555555
35.0	341	1	31	2	467	5258	0.06451612903225806
35.0	342	1	45	2	876	12326	0.044444444444444446
35.0	344	1	61	1	3277	43611	0.01639344262295082
35.0	345	1	18	3	262	2331	0.16666666666666666
35.0	346	1	37	3	1380	17266	0.08108108108108109
35.0	346	4	57	139	1967	34132	2.43859649122807
35.0	348	1	44	3	2097	30968	0.06818181818181818
35.0	349	3	58	3	1158	16950	0.05172413793103448
35.0	349	4	66	145	1744	29257	2.196969696969697
35.0	349	6	54	137	1378	13807	2.537037037037037
35.0	350	1	5	2	1849	33951	0.4
35.0	350	3	2	2	1541	22927	1.0
35.0	351	1	40	195	3394	60527	4.875
35.0	352	1	62	1	2673	51107	0.016129032258064516
35.0	352	3	2	3	1896	30191	1.5
35.0	352	5	34	3	874	10319	0.08823529411764706
35.0	352	9	2	3	1841	27044	1.5
35.0	352	19	80	147	3035	37613	1.8375
35.0	353	1	4	2	3971	83460	0.5
35.0	353	6	49	2	1831	27026	0.04081632653061224
35.0	353	8	88	202	2492	36706	2.2954545454545454
35.0	355	1	55	213	3015	54665	3.8727272727272726
35.0	356	2	200	3	15114	473188	0.015
35.0	356	28	7	5	226	3064	0.7142857142857143
35.0	356	31	19	1	977	15866	0.05263157894736842
35.0	356	52	67	166	2274	42457	2.4776119402985075
35.0	359	1	93	7	4181	67974	0.07526881720430108
35.0	360	1	257	361	15942	412742	1.404669260700389
35.0	360	2	40	1	717	9219	0.025
35.0	360	3	48	4	295	4085	0.08333333333333333
35.0	361	1	74	1	5784	144689	0.013513513513513514
35.0	361	4	27	6	456	4752	0.2222222222222222
78.0	371	1	1	3	340	4492	3.0
78.0	371	2	18	2	372	5634	0.1111111111111111
78.0	371	4	14	3	265	4696	0.21428571428571427
78.0	372	2	2	2	422	6084	1.0
78.0	373	1	22	2	302	5015	0.09090909090909091
78.0	373	2	22	5	562	9636	0.22727272727272727
78.0	373	3	19	3	308	4909	0.15789473684210525
78.0	373	26	1	2	208	3416	2.0
78.0	374	2	22	2	456	7431	0.09090909090909091
78.0	374	14	3	1	402	6957	0.3333333333333333
78.0	374	21	18	1	265	3763	0.05555555555555555
78.0	375	1	4	1	910	16417	0.25
78.0	375	3	20	1	314	5169	0.05
78.0	375	4	34	15	1248	25006	0.4411764705882353
78.0	375	9	2	4	361	5315	2.0
78.0	375	25	4	3	426	7005	0.75
78.0	377	1	39	1	2887	64729	0.02564102564102564
78.0	377	4	17	3	258	4102	0.17647058823529413
78.0	377	20	18	4	357	5392	0.2222222222222222
78.0	377	30	3	1	304	5912	0.3333333333333333
78.0	378	1	20	1	706	12953	0.05
78.0	378	7	32	1	595	11167	0.03125
78.0	378	9	1	6	697	13894	6.0
78.0	378	34	18	5	511	10174	0.2777777777777778
78.0	379	1	47	4	1508	27626	0.0851063829787234
78.0	379	2	4	1	286	4632	0.25
78.0	379	29	20	2	257	4771	0.1
78.0	379	57	7	4	211	3697	0.5714285714285714
78.0	380	1	31	3	460	7610	0.0967741935483871
78.0	380	2	2	3	476	8479	1.5
78.0	380	5	2	2	601	8326	1.0
78.0	380	19	26	1	433	7111	0.038461538461538464
78.0	380	23	19	39	347	6962	2.0526315789473686
78.0	381	1	1	1	383	6894	1.0
78.0	381	2	23	1	484	9810	0.043478260869565216
78.0	381	4	1	1	298	5304	1.0
78.0	381	7	30	5	1152	20385	0.16666666666666666
78.0	381	15	11	1	571	9807	0.09090909090909091
78.0	382	1	18	4	363	5607	0.2222222222222222
78.0	382	2	29	2	1266	23252	0.06896551724137931
78.0	382	19	18	2	705	11940	0.1111111111111111
78.0	382	38	7	3	385	7278	0.42857142857142855
78.0	382	44	3	3	264	4551	1.0
78.0	383	2	1	3	1668	33997	3.0
78.0	383	3	5	5	340	6969	1.0
78.0	383	5	12	3	314	5322	0.25
78.0	383	11	14	3	319	6857	0.21428571428571427
78.0	383	44	14	2	272	5648	0.14285714285714285
78.0	384	2	24	3	660	11944	0.125
78.0	384	8	5	4	291	5368	0.8
78.0	384	11	1	1	586	10169	1.0
78.0	384	16	31	1	599	11337	0.03225806451612903
78.0	385	3	4	3	515	9234	0.75
78.0	385	8	10	4	413	7678	0.4
78.0	385	12	5	4	229	3800	0.8
78.0	385	18	5	4	315	5962	0.8
78.0	385	19	12	1	260	5361	0.08333333333333333
78.0	386	1	3	2	1134	22401	0.6666666666666666
78.0	386	5	23	2	613	11171	0.08695652173913043
78.0	386	8	3	3	283	5588	1.0
78.0	388	1	55	4	3488	71357	0.07272727272727272
78.0	388	2	1	4	214	3664	4.0
78.0	388	12	45	4	2364	40159	0.08888888888888889
78.0	388	157	18	3	491	8076	0.16666666666666666
78.0	390	6	8	2	399	6155	0.25
78.0	391	1	4	4	213	3776	1.0
78.0	391	3	3	4	249	4133	1.3333333333333333
78.0	392	2	22	1	446	7890	0.045454545454545456
78.0	392	20	20	4	271	4414	0.2
78.0	393	1	3	1	959	17374	0.3333333333333333
78.0	393	20	4	4	257	5134	1.0
78.0	413	1	34	7	714	14072	0.20588235294117646
78.0	413	5	16	4	467	7832	0.25
78.0	413	11	15	57	364	7639	3.8
78.0	413	12	19	45	373	5760	2.3684210526315788
78.0	413	16	17	36	270	5042	2.1176470588235294
78.0	414	2	45	1	1072	20425	0.022222222222222223
78.0	414	3	6	2	1047	21233	0.3333333333333333
78.0	414	11	20	1	558	10562	0.05
78.0	414	15	23	64	447	8823	2.782608695652174
78.0	414	24	41	3	642	11955	0.07317073170731707
78.0	414	31	1	1	366	7807	1.0
78.0	415	2	33	1	1119	26270	0.030303030303030304
78.0	415	3	20	2	852	18004	0.1
78.0	415	6	1	2	565	10312	2.0
78.0	415	12	21	2	949	15716	0.09523809523809523
78.0	415	19	24	5	245	3417	0.20833333333333334
78.0	416	1	5	3	1067	22968	0.6
78.0	416	3	5	108	1032	28013	21.6
78.0	416	4	23	60	543	10276	2.608695652173913
78.0	416	6	1	5	1263	25173	5.0
78.0	416	9	17	3	625	12410	0.17647058823529413
78.0	417	1	25	3	1204	25973	0.12
78.0	417	3	20	108	998	20126	5.4
78.0	417	6	20	93	808	16404	4.65
78.0	417	8	1	2	347	7521	2.0
78.0	418	1	54	2	2568	103264	0.037037037037037035
78.0	418	7	36	5	1510	42433	0.1388888888888889
78.0	418	8	31	4	1022	23688	0.12903225806451613
78.0	418	15	20	1	558	12185	0.05
78.0	418	32	25	6	247	5321	0.24
78.0	418	37	1	1	756	16732	1.0
78.0	419	1	83	1	4618	139424	0.012048192771084338
78.0	419	8	40	1	1270	29525	0.025
78.0	419	15	3	1	2402	67691	0.3333333333333333
78.0	419	17	28	1	1322	34619	0.03571428571428571
78.0	419	18	43	3	1713	52561	0.06976744186046512
78.0	419	38	29	105	799	20747	3.6206896551724137
78.0	421	1	83	4	3777	137423	0.04819277108433735
78.0	421	6	43	2	2151	76731	0.046511627906976744
78.0	421	15	56	128	1118	25517	2.2857142857142856
78.0	422	3	89	1	7391	275113	0.011235955056179775
78.0	422	18	35	43	879	16155	1.2285714285714286
78.0	422	19	2	158	1386	47379	79.0
78.0	422	39	2	2	1458	38035	1.0
78.0	423	1	42	5	2326	53487	0.11904761904761904
78.0	423	8	57	190	2799	93898	3.3333333333333335
78.0	423	19	2	3	1338	33420	1.5
78.0	423	30	41	111	1480	32039	2.707317073170732
78.0	424	1	49	1	3121	91463	0.02040816326530612
78.0	424	3	51	197	2595	84964	3.8627450980392157
78.0	424	5	44	1	2440	97140	0.022727272727272728
78.0	425	1	83	2	5510	171639	0.024096385542168676
78.0	425	16	13	2	200	2977	0.15384615384615385
78.0	425	17	45	155	1241	28744	3.4444444444444446
78.0	425	20	27	34	548	8664	1.2592592592592593
78.0	426	2	75	212	3796	116021	2.8266666666666667
78.0	426	3	49	225	2523	112718	4.591836734693878
78.0	426	5	36	3	261	4829	0.08333333333333333
78.0	426	11	63	138	1898	48382	2.1904761904761907
78.0	426	22	23	4	857	17694	0.17391304347826086
78.0	426	56	14	15	228	4644	1.0714285714285714
78.0	427	4	135	224	6533	241291	1.6592592592592592
78.0	427	6	2	225	2882	114201	112.5
78.0	427	23	32	135	1409	48153	4.21875
78.0	428	1	80	1	3678	108625	0.0125
78.0	428	8	45	10	2585	47396	0.2222222222222222
78.0	429	1	31	201	3017	70476	6.483870967741935
78.0	429	3	6	2	321	4359	0.3333333333333333
78.0	429	4	23	45	325	5174	1.9565217391304348
78.0	430	1	13	12	292	3750	0.9230769230769231
78.0	432	1	1	8	502	6799	8.0
78.0	433	1	92	3	5879	209383	0.03260869565217391
